Default_Tile ||| ?;Default_Tile ||| ?;Default_Tile ||| ?;Default_Tile ||| ?;Default_Tile ||| ?;Default_Tile ||| ?;Default_Tile ||| ?;Default_Tile ||| ?;Default_Tile ||| ?;Default_Tile ||| ?;Default_Tile ||| ?;Default_Tile ||| ?;Default_Tile ||| ?;Default_Tile ||| ?;Default_Tile ||| ?;Default_Tile ||| ?;Default_Tile ||| ?;Default_Tile ||| ?;Default_Tile ||| ?
Default_Tile ||| ?;Default_Tile ||| ?;Default_Tile ||| ?;Default_Tile ||| ?;Default_Tile ||| ?;Default_Tile ||| ?;Default_Tile ||| ?;Default_Tile ||| ?;Default_Tile ||| ?;Default_Tile ||| ?;Default_Tile ||| ?;Default_Tile ||| ?;Default_Tile ||| ?;Default_Tile ||| ?;Default_Tile ||| ?;Default_Tile ||| ?;Default_Tile ||| ?;Default_Tile ||| ?;Default_Tile ||| ?
Default_Tile ||| ?;Default_Tile ||| ?;Default_Tile ||| ?;Default_Tile ||| ?;Default_Tile ||| ?;Default_Tile ||| ?;Default_Tile ||| ?;Default_Tile ||| ?;Default_Tile ||| ?;Default_Tile ||| ?;Default_Tile ||| ?;Default_Tile ||| ?;Default_Tile ||| ?;Default_Tile ||| ?;Default_Tile ||| ?;Default_Tile ||| ?;Default_Tile ||| ?;Default_Tile ||| ?;Default_Tile ||| ?
Default_Tile ||| ?;Default_Tile ||| ?;Default_Tile ||| ?;Default_Tile ||| ?;Default_Tile ||| ?;Default_Tile ||| ?;Default_Tile ||| ?;Default_Tile ||| ?;Default_Tile ||| ?;Default_Tile ||| ?;Default_Tile ||| ?;Default_Tile ||| ?;Default_Tile ||| ?;Default_Tile ||| ?;Default_Tile ||| ?;Default_Tile ||| ?;Default_Tile ||| ?;Default_Tile ||| ?;Default_Tile ||| ?
Default_Tile ||| ?;Default_Tile ||| ?;Default_Tile ||| ?;Default_Tile ||| ?;Default_Tile ||| ?;Default_Tile ||| ?;Default_Tile ||| ?;Default_Tile ||| ?;Default_Tile ||| ?;Default_Tile ||| ?;Default_Tile ||| ?;Default_Tile ||| ?;Default_Tile ||| ?;Default_Tile ||| ?;Default_Tile ||| ?;Default_Tile ||| ?;Default_Tile ||| ?;Default_Tile ||| ?;Default_Tile ||| ?
Default_Tile ||| ?;Default_Tile ||| ?;Default_Tile ||| ?;Default_Tile ||| ?;Default_Tile ||| ?;Default_Tile ||| ?;Default_Tile ||| ?;Default_Tile ||| ?;Default_Tile ||| ?;Default_Tile ||| ?;Default_Tile ||| ?;Default_Tile ||| ?;Default_Tile ||| ?;Default_Tile ||| ?;Default_Tile ||| ?;Default_Tile ||| ?;Default_Tile ||| ?;Default_Tile ||| ?;Default_Tile ||| ?
Default_Tile ||| ?;Default_Tile ||| ?;Default_Tile ||| ?;Default_Tile ||| ?;Default_Tile ||| ?;Default_Tile ||| ?;Default_Tile ||| ?;Default_Tile ||| ?;Default_Tile ||| ?;Default_Tile ||| ?;Default_Tile ||| ?;Default_Tile ||| ?;Default_Tile ||| ?;Default_Tile ||| ?;Default_Tile ||| ?;Default_Tile ||| ?;Default_Tile ||| ?;Default_Tile ||| ?;Default_Tile ||| ?
Default_Tile ||| ?;Default_Tile ||| ?;Default_Tile ||| ?;Default_Tile ||| ?;Default_Tile ||| ?;Default_Tile ||| ?;Default_Tile ||| ?;Default_Tile ||| ?;Default_Tile ||| ?;Default_Tile ||| ?;Default_Tile ||| ?;Default_Tile ||| ?;Default_Tile ||| ?;Default_Tile ||| ?;Default_Tile ||| ?;Default_Tile ||| ?;Default_Tile ||| ?;Default_Tile ||| ?;Default_Tile ||| ?
Default_Tile ||| ?;Default_Tile ||| ?;Default_Tile ||| ?;Default_Tile ||| ?;Default_Tile ||| ?;Default_Tile ||| ?;Default_Tile ||| ?;Default_Tile ||| ?;Default_Tile ||| ?;Default_Tile ||| ?;Default_Tile ||| ?;Default_Tile ||| ?;Default_Tile ||| ?;Default_Tile ||| ?;Default_Tile ||| ?;Default_Tile ||| ?;Default_Tile ||| ?;Default_Tile ||| ?;Default_Tile ||| ?
Default_Tile ||| ?;Default_Tile ||| ?;Default_Tile ||| ?;Default_Tile ||| ?;Default_Tile ||| ?;Default_Tile ||| ?;Default_Tile ||| ?;Default_Tile ||| ?;Default_Tile ||| ?;Default_Tile ||| ?;Default_Tile ||| ?;Default_Tile ||| ?;Default_Tile ||| ?;Default_Tile ||| ?;Default_Tile ||| ?;Default_Tile ||| ?;Default_Tile ||| ?;Default_Tile ||| ?;Default_Tile ||| ?
Default_Tile ||| ?;Default_Tile ||| ?;Default_Tile ||| ?;Default_Tile ||| ?;Default_Tile ||| ?;Default_Tile ||| ?;Default_Tile ||| ?;Default_Tile ||| ?;Default_Tile ||| ?;Default_Tile ||| ?;Default_Tile ||| ?;Default_Tile ||| ?;Default_Tile ||| ?;Default_Tile ||| ?;Default_Tile ||| ?;Default_Tile ||| ?;Default_Tile ||| ?;Default_Tile ||| ?;Default_Tile ||| ?
Default_Tile ||| ?;Default_Tile ||| ?;Default_Tile ||| ?;Default_Tile ||| ?;Default_Tile ||| ?;Default_Tile ||| ?;Default_Tile ||| ?;Default_Tile ||| ?;Default_Tile ||| ?;Default_Tile ||| ?;Default_Tile ||| ?;Default_Tile ||| ?;Default_Tile ||| ?;Default_Tile ||| ?;Default_Tile ||| ?;Default_Tile ||| ?;Default_Tile ||| ?;Default_Tile ||| ?;Default_Tile ||| ?
Default_Tile ||| ?;Default_Tile ||| ?;Default_Tile ||| ?;Default_Tile ||| ?;Default_Tile ||| ?;Default_Tile ||| ?;Default_Tile ||| ?;Default_Tile ||| ?;Default_Tile ||| ?;Default_Tile ||| ?;Default_Tile ||| ?;Default_Tile ||| ?;Default_Tile ||| ?;Default_Tile ||| ?;Default_Tile ||| ?;Default_Tile ||| ?;Default_Tile ||| ?;Default_Tile ||| ?;Default_Tile ||| ?
Default_Tile ||| ?;Default_Tile ||| ?;Default_Tile ||| ?;Default_Tile ||| ?;Default_Tile ||| ?;Default_Tile ||| ?;Default_Tile ||| ?;Default_Tile ||| ?;Default_Tile ||| ?;Default_Tile ||| ?;Default_Tile ||| ?;Default_Tile ||| ?;Default_Tile ||| ?;Default_Tile ||| ?;Default_Tile ||| ?;Default_Tile ||| ?;Default_Tile ||| ?;Default_Tile ||| ?;Default_Tile ||| ?
Default_Tile ||| ?;Default_Tile ||| ?;Default_Tile ||| ?;Default_Tile ||| ?;Default_Tile ||| ?;Default_Tile ||| ?;Default_Tile ||| ?;Default_Tile ||| ?;Default_Tile ||| ?;Default_Tile ||| ?;Default_Tile ||| ?;Default_Tile ||| ?;Default_Tile ||| ?;Default_Tile ||| ?;Default_Tile ||| ?;Default_Tile ||| ?;Default_Tile ||| ?;Default_Tile ||| ?;Default_Tile ||| ?
Default_Tile ||| ?;Default_Tile ||| ?;Default_Tile ||| ?;Default_Tile ||| ?;Default_Tile ||| ?;Default_Tile ||| ?;Default_Tile ||| ?;Default_Tile ||| ?;Default_Tile ||| ?;Default_Tile ||| ?;Default_Tile ||| ?;Default_Tile ||| ?;Default_Tile ||| ?;Default_Tile ||| ?;Default_Tile ||| ?;Default_Tile ||| ?;Default_Tile ||| ?;Default_Tile ||| ?;Default_Tile ||| ?
Default_Tile ||| ?;Default_Tile ||| ?;Default_Tile ||| ?;Default_Tile ||| ?;Default_Tile ||| ?;Default_Tile ||| ?;Default_Tile ||| ?;Default_Tile ||| ?;Default_Tile ||| ?;Default_Tile ||| ?;Default_Tile ||| ?;Default_Tile ||| ?;Default_Tile ||| ?;Default_Tile ||| ?;Default_Tile ||| ?;Default_Tile ||| ?;Default_Tile ||| ?;Default_Tile ||| ?;Default_Tile ||| ?
Default_Tile ||| ?;Default_Tile ||| ?;Default_Tile ||| ?;Default_Tile ||| ?;Default_Tile ||| ?;Default_Tile ||| ?;Default_Tile ||| ?;Default_Tile ||| ?;Default_Tile ||| ?;Default_Tile ||| ?;Default_Tile ||| ?;Default_Tile ||| ?;Default_Tile ||| ?;Default_Tile ||| ?;Default_Tile ||| ?;Default_Tile ||| ?;Default_Tile ||| ?;Default_Tile ||| ?;Default_Tile ||| ?
Default_Tile ||| ?;Default_Tile ||| ?;Default_Tile ||| ?;Default_Tile ||| ?;Default_Tile ||| ?;Default_Tile ||| ?;Default_Tile ||| ?;Default_Tile ||| ?;Default_Tile ||| ?;Default_Tile ||| ?;Default_Tile ||| ?;Default_Tile ||| ?;Default_Tile ||| ?;Default_Tile ||| ?;Default_Tile ||| ?;Default_Tile ||| ?;Default_Tile ||| ?;Default_Tile ||| ?;Default_Tile ||| ?
